P,ū,n,c,h
K,e,e,l,a,k,a,r,a,i
Z,u,n,h,e,b,o,t,o
Z,a,m,ā,n,i,a
Z,a,i,d,p,u,r
Z,a,h,i,r,ā,b,ā,d
Y,e,o,l,a
Y,e,l,l,ā,p,u,r
Y,e,l,l,a,n,d,u
Y,e,l,a,h,a,n,k,a
Y,a,v,a,t,m,ā,l
Y,ā,v,a,l
Y,a,n,a,m
Y,a,m,u,n,ā,n,a,g,a,r
Y,ā,d,g,ī,r
W,o,k,h,a
W,e,r
W,e,l,l,i,n,g,t,o,n
W,a,z,ī,r,g,a,n,j
W,ā,s,h,ī,m
W,a,r,u,d
W,a,r,o,r,a
W,ā,r,i,s, ,A,l,ī,g,a,n,j
W,a,r,d,h,a
W,ā,r,ā,s,e,o,n,ī
W,a,r,a,n,g,a,l
W,a,n,p,a,r,t,i
W,ā,n,k,ā,n,e,r
W,a,n,i
W,a,l,a,j,a,p,e,t
W,a,i
W,ā,d,i
V,y,ā,r,a
V,u,y,y,ū,r,u
V,r,i,n,d,ā,v,a,n
V,r,i,d,d,h,ā,c,h,a,l,a,m
V,i,z,i,a,n,a,g,a,r,a,m
V,i,t,e
V,i,s,n,a,g,a,r
V,i,s,a,k,h,a,p,a,t,n,a,m
V,ī,s,ā,v,a,d,a,r
V,i,r,u,d,u,n,a,g,a,r
V,a,d,a,k,k,u, ,V,i,r,a,v,a,n,a,l,l,u,r
V,i,r,a,j,p,e,t
V,i,r,ā,r
V,i,n,u,k,o,n,d,a
V,i,l,l,u,p,u,r,a,m
V,i,k,ā,r,ā,b,ā,d
V,i,j,a,y,a,w,a,d,a
V,i,j,ā,p,u,r
V,i,d,i,s,h,a
V,e,t,t,ū,r
V,e,t,t,a,i,k,k,a,r,a,n,p,u,d,u,r
V,e,t,a,p,ā,l,e,m
V,e,r,ā,v,a,l
V,e,p,a,g,u,n,t,a
V,e,n,k,a,t,a,g,i,r,i
V,e,m,a,l,w,ā,d,a
V,e,l,u,r
V,e,l,l,o,r,e
V,e,j,a,l,p,u,r
V,e,d,a,r,a,n,i,y,a,m
V,a,y,a,l,ā,r
V,a,t,t,a,l,k,u,n,d,u
V,ā,s,u,d,e,v,a,n,a,l,l,ū,r
V,a,s,i,n,d
V,a,s,c,o, ,d,a, ,G,a,m,a
V,a,s,a
V,a,r,k,a,l,a
V,a,r,a,n,g,a,o,n
V,a,r,a,n,a,s,i
V,a,n,i,y,a,m,b,a,d,i
V,a,n,d,a,v,ā,s,i
V,a,l,s,ā,d
V,a,l,p,a,r,a,i
V,a,l,l,a,b,h, ,V,i,d,y,a,n,a,g,a,r
V,a,l,a,b,h,ī,p,u,r
V,a,i,k,a,m
V,a,i,j,ā,p,u,r
V,a,d,o,d,a,r,a
V,a,d,n,a,g,a,r
V,a,d,l,a,p,ū,d,i
V,ā,d,i,p,p,a,t,t,i
V,a,d,a,m,a,d,u,r,a,i
V,a,d,a,k,k,u, ,V,a,l,l,i,y,ū,r
V,ā,d,a
U,t,t,i,r,a,m,e,r,ū,r
U,t,t,a,r,k,ā,s,h,i
U,t,t,a,m,a,p,ā,l,a,i,y,a,m
U,t,r,a,u,l,a
U,s,i,l,a,m,p,a,t,t,i
U,s,e,h,a,t
U,r,a,v,a,k,o,n,d,a
U,r,a,n
U,p,l,e,t,a
U,p,p,a,l, ,K,a,l,a,n
U,n,n,ā,o
U,n,j,h,a
U,n,h,e,l
U,n,a
U,n,a
Ū,n
U,n
U,m,r,e,t,h
U,m,r,e,d
U,m,a,r,k,o,t
U,m,a,r,k,h,e,d
U,m,a,r,i,a
U,m,a,r,g,a
U,l,l,a,l
U,l,h,a,s,n,a,g,a,r
U,j,j,a,i,n
U,j,h,ā,n,i
U,d,u,m,a,l,a,i,p,p,e,t,t,a,i
U,d,u,p,i
U,d,h,a,m,p,u,r
U,d,g,ī,r
U,d,a,n,g,u,d,i
U,d,a,l,g,u,r,i
U,d,a,i,p,u,r,a
U,d,a,i,p,u,r
U,d,a,i,p,u,r
U,d,a,i,p,u,r
O,o,t,y
B,a,r,a, ,U,c,h,ā,n,a
T,u,r,a,i,y,ū,r
T,u,r,a
T,u,n,i
T,ū,n,d,l,a
T,u,m,s,a,r
T,u,m,k,ū,r
T,u,l,s,ī,p,u,r
T,u,l,j,ā,p,u,r
T,u,f,ā,n,g,a,n,j
T,u,e,n,s,a,n,g
T,h,i,r,u,v,a,n,a,n,t,h,a,p,u,r,a,m
T,h,r,i,s,s,u,r
T,o,n,k
T,o,n,d,i
T,o,h,ā,n,a
T,o,d,a,r,a,i,s,i,n,g,h
T,o,d,a,b,h,i,m
T,i,t,l,ā,g,a,r,h
T,i,t,ā,g,a,r,h
T,i,s,a,i,y,a,n,v,i,l,a,i
T,i,r,u,v,o,t,t,i,y,ū,r
C,h,e,y,y,a,r
T,i,r,u,v,a,n,n,ā,m,a,l,a,i
T,i,r,u,v,a,l,l,u,r
T,i,r,u,v,a,l,l,a
T,h,i,r,u,t,h,a,n,i
T,i,r,u,t,t,a,n,g,a,l
T,i,r,u,r
T,i,r,u,p,p,u,v,a,n,a,m
T,i,r,u,p,p,u,r
T,i,r,u,p,p,a,r,a,n,g,u,n,r,a,m
T,i,r,u,p,a,t,i
T,i,r,u,n,e,l,v,e,l,i
T,i,r,u,m,a,l,a
T,i,r,u,k,k,o,y,i,l,u,r
T,i,r,u,c,h,e,n,g,o,d,e
T,i,r,u,c,h,i,r,a,p,p,a,l,l,i
T,i,r,u,c,h,c,h,e,n,d,u,r
T,ī,r,t,h,a,h,a,l,l,i
T,i,p,t,ū,r
T,i,n,s,u,k,i,a
T,i,n,n,a,n,ū,r
T,i,n,d,i,v,a,n,a,m
T,i,l,h,a,r
T,ī,k,a,m,g,a,r,h
T,i,j,ā,r,a
T,h,o,u,b,ā,l
T,h,i,r,u,v,a,r,u,r
T,h,ā,s,r,a
T,h,a,r,ā,d
T,a,n,j,o,r,e
T,h,ā,n,e,s,a,r
T,h,ā,n,e
T,h,ā,n,a, ,B,h,a,w,a,n
T,h,ā,n
T,h,ā,k,u,r,g,a,n,j
T,h,a,k,u,r,d,w,a,r,a
T,e,z,p,u,r
T,e,r,d,ā,l
T,e,o,n,t,h,a,r
T,h,e,n,k,a,s,i
T,e,n,i
T,e,l,l,i,c,h,e,r,r,y
T,e,l,h,ā,r,a
T,e,k,k,a,l,i
T,e,k,k,a,l,a,k,o,t,e
T,e,k,ā,r,i
T,e,h,r,i
T,e,g,h,r,a
T,ā,s,g,a,o,n
T,a,r,n, ,T,ā,r,a,n
T,a,r,i,k,e,r,e
T,h,a,r,a,n,g,a,m,b,a,d,i
T,ā,r,ā,n,a,g,a,r
T,a,r,ā,n,a
T,ā,r,a,m,a,n,g,a,l,a,m
T,a,r,a,k,e,s,w,a,r
T,ā,o,r,u
T,a,n,u,k,u
T,ā,n,d,ū,r
T,ā,n,d,a
T,ā,n,d,ā
T,a,n,a,k,p,u,r
T,a,m,l,ū,k
T,a,m,b,a,r,a,m
T,a,l,w,ā,r,a
T,a,l,w,a,n,d,i, ,B,h,a,i
T,a,l,o,d,a
T,a,l,i,p,p,a,r,a,m,b,a
T,ā,l,ī,k,o,t,a
T,a,l,e,i,g,a,o
T,a,l,e,g,a,o,n, ,D,ā,b,h,ā,d,e
T,ā,l,c,h,e,r
T,a,l,ā,j,a
T,ā,k,i
T,a,k,h,a,t,p,u,r
T,a,k,h,a,t,g,a,r,h
T,ā,j,p,u,r
T,ā,d,p,a,t,r,i
T,ā,d,e,p,a,l,l,e,g,ū,d,e,m
T,ā,d,e,p,a,l,l,e
S,u,r,i,ā,p,e,t
S,u,r,i,ā,n,w,ā,n
S,u,r,e,n,d,r,a,n,a,g,a,r
S,ū,r,a,t,g,a,r,h
S,u,r,a,t
S,ū,r,a,n,d,a,i
S,ū,r,a,j,g,a,r,h
S,u,p,a,u,l
S,u,n,e,l
S,u,n,d,a,r,n,a,g,a,r
S,u,n,d,a,r,g,a,r,h
S,u,n,ā,m
S,u,l,y,a
S,ū,l,ū,r,u
S,u,l,u,r
S,u,l,t,a,n,p,u,r
S,u,l,t,ā,n,p,u,r
S,u,k,e,t
S,ū,j,ā,n,g,a,r,h
S,u,ā,r
S,r,i,v,i,l,l,i,p,u,t,h,u,r
S,r,ī,v,a,r,d,h,a,n
S,r,i,v,a,i,k,u,n,t,a,m
S,r,ī,s,a,i,l,a,i,n
S,r,ī,r,ā,m,n,a,g,a,r
S,r,ī,p,e,r,u,m,b,ū,d,ū,r
S,r,ī,n,i,v,ā,s,p,u,r
S,r,i,n,a,g,a,r
S,r,ī,n,a,g,a,r
S,r,i, ,M,ā,d,h,o,p,u,r
K,a,r,a,n,p,u,r
S,r,i,k,a,k,u,l,a,m
S,r,i, ,D,ū,n,g,a,r,g,a,r,h
S,o,y,g,a,o,n
S,o,r,o,n
S,o,r,o
S,o,r,a,d,a
S,o,p,u,r
S,o,n,ī,p,a,t
S,o,n,g,a,d,h
S,o,n,e,p,u,r
R,a,j,p,u,r, ,S,o,n,a,r,p,u,r
S,o,n,ā,r,i
S,o,n,ā,m,u,k,h,i
S,o,m,p,e,t,a
S,o,m,e,s,h,w,a,r
S,o,l,a,n
S,o,j,ī,t,r,a
S,o,j,a,t
S,o,h,n,a
S,o,h,ā,g,p,u,r
S,i,w,ā,n,a
S,i,w,ā,n
S,i,v,a,k,a,s,i
S,i,v,a,g,i,r,i
S,i,v,a,g,i,r,i
S,i,v,a,g,a,n,g,a
S,i,u,r,i
S,i,t,ā,r,g,a,n,j
S,ī,t,ā,p,u,r
S,ī,t,ā,m,a,r,h,i
S,i,s,w,ā, ,B,ā,z,ā,r
S,i,s,a,u,l,i
S,i,r,ū,r
S,i,r,u,m,u,g,a,i
S,i,r,u,g,u,p,p,a
S,i,r,s,i,l,l,a
S,i,r,s,i
S,i,r,s,i
S,i,r,s,ā,g,a,n,j
S,i,r,s,a
S,i,r,o,n,j
S,i,r,o,h,i
S,ī,r,k,ā,z,h,i
S,i,r,h,i,n,d
S,ī,r,a
S,i,n,n,a,r
S,i,n,g,u,r
S,i,n,g,a,r,ā,y,a,k,o,n,d,a
S,i,n,g,ā,n,a,l,l,ū,r
S,i,n,d,h,n,ū,r
S,i,n,d,g,i
S,h,i,m,l,a
S,i,m,d,e,g,a
S,i,l,v,a,s,s,a
S,i,l,l,o,d
S,i,l,c,h,a,r
S,i,l,a,o
S,ī,k,a,r
S,i,k,a,n,d,r,a, ,R,a,o
S,i,k,a,n,d,a,r,p,u,r
S,i,k,a,n,d,a,r,ā,b,ā,d
S,i,k,k,a
S,i,j,u,a
S,i,h,o,r,ā
S,i,h,o,r
S,i,d,l,a,g,h,a,t,t,a
S,i,d,h,i
S,i,d,h,a,u,l,ī
S,i,d,d,i,p,e,t
S,i,d,d,h,a,p,u,r
S,i,b,s,ā,g,a,r
S,h,y,a,m,n,a,g,a,r
S,h,u,j,ā,l,p,u,r
S,h,r,ī,r,a,n,g,a,p,a,t,t,a,n,a
S,h,r,ī,r,ā,m,p,u,r
S,h,r,ī,g,o,n,d,a
S,h,o,r,ā,p,u,r
S,h,ō,r,a,n,ū,r
S,h,o,l,i,n,g,h,u,r
S,o,l,ā,p,u,r
S,h,i,v,p,u,r,i
S,h,ī,s,h,g,a,r,h
S,h,i,r,p,u,r
S,h,i,r,h,a,t,t,i
S,h,i,r,d,i
S,h,i,m,o,g,a
S,h,i,l,l,o,n,g
S,i,l,i,g,u,r,i
S,h,i,k,o,h,ā,b,ā,d
S,h,i,k,ā,r,p,ū,r
S,h,i,k,ā,r,p,u,r
S,h,i,g,g,a,o,n
S,h,e,r,t,a,l,l,a,i
S,h,e,r,k,o,t
S,h,e,r,g,h,ā,t,i
S,h,e,o,p,u,r
S,h,e,o,h,a,r
S,h,e,o,g,a,n,j
S,h,e,g,a,o,n
S,h,ā,n,t,i,p,u,r
S,h,a,m,s,ā,b,ā,d
S,h,a,m,s,ā,b,ā,d
S,h,ā,m,l,i
S,h,ā,m,g,a,r,h
S,h,ā,j,ā,p,u,r
S,h,e,i,k,h,p,u,r,a
S,h,ā,h,p,u,r,a
S,h,ā,h,p,u,r,a
S,h,ā,h,p,u,r
S,h,ā,h,p,u,r
S,h,ā,h,p,u,r
S,h,ā,h,p,u,r
S,h,ā,h,j,ā,n,p,u,r
S,h,ā,h,i
S,h,ā,h,g,a,n,j
S,h,a,h,d,o,l
S,h,ā,h,ā,d,a
S,h,ā,h,ā,b,ā,d
S,h,ā,h,ā,b,ā,d
S,h,ā,h,ā,b,ā,d
S,h,ā,h,ā,b,ā,d
S,e,r,c,h,h,ī,p
S,e,r,a,m
S,e,o,n,i, ,M,ā,l,w,a
S,e,o,n,i
S,e,o,n,d,h,a
S,e,o,h,ā,r,a
S,e,n,d,h,w,a
S,e,h,o,r,e
S,e,c,u,n,d,e,r,a,b,a,d
S,ā,y,l,a
S,a,w,ā,i, ,M,ā,d,h,o,p,u,r
S,ā,v,d,a
S,a,v,a,n,ū,r
S,ā,v,a,n,t,v,ā,d,i
S,a,u,s,a,r
S,a,u,n,d,a,t,t,i
S,a,t,h,y,a,m,a,n,g,a,l,a,m
S,a,t,t,u,r
S,a,t,t,e,n,a,p,a,l,l,e
S,a,t,n,a
S,a,t,a,r,a
S,a,t,ā,n,ā
S,ā,s,v,a,d
S,a,r,w,ā,r
S,a,r,k,h,e,j
S,a,r,d,u,l,g,a,r,h
S,a,r,d,h,a,n,a
S,a,r,d,ā,r,s,h,a,h,r
S,a,r,a,u,l,i
S,ā,r,a,n,g,p,u,r
S,a,r,a,i,p,a,l,i
S,a,r,ā,i, ,M,ī,r
S,a,r,ā,i, ,Ā,k,i,l
S,a,o,n,e,r
S,ā,n,k,r,ā,i,l
S,a,n,k,e,s,h,w,a,r
S,a,n,g,r,ū,r
S,ā,n,g,o,l,a
S,a,n,g,o,d
S,ā,n,g,l,i
S,a,n,g,a,r,i,ā
S,a,n,g,ā,r,e,d,d,i
S,a,n,g,a,m,n,e,r
S,a,n,d,ū,r
S,a,n,d,ī,l,a
S,ā,n,d,i
S,a,n,c,o,a,l,e
S,ā,n,c,h,o,r
S,a,n,ā,w,a,d
S,a,n,a,u,r
S,ā,n,a,n,d
S,a,m,t,h,a,r
S,a,m,r,ā,l,a
S,a,m,d,a,r,i
S,ā,m,b,h,a,r
S,a,m,b,h,a,l
S,a,m,b,a,l,p,u,r
S,ā,m,b,a
S,a,m,ā,s,t,i,p,u,r
S,ā,m,a,l,k,o,t
S,a,m,ā,l,k,h,a
S,ā,l,ū,r
S,ā,l,ū,m,b,a,r
S,a,l,e,m
S,a,l,ā,y,a
S,a,k,t,ī
S,a,k,l,e,s,h,p,u,r
S,a,i,n,t, ,T,h,o,m,a,s, ,M,o,u,n,t
S,a,i,n,t,h,i,a
S,e,l,u
S,a,i,h,a
S,a,i,d,p,u,r
S,ā,h,i,b,g,a,n,j
S,a,h,ā,w,a,r
S,a,h,a,s,w,ā,n
S,a,h,a,s,p,u,r
S,a,h,a,r,s,a
S,a,h,ā,r,a,n,p,u,r
S,a,g,a,u,l,i
S,a,u,g,o,r
S,ā,g,a,r
S,a,f,ī,p,u,r
S,a,f,i,d,o,n
S,ā,d,r,i
S,a,d,a,s,h,i,v,p,e,t
S,a,d,a,l,g,i
S,a,d,ā,b,ā,d
S,a,b,a,l,g,a,r,h
R,u,s,e,r,a
R,u,r,a
R,o,p,a,r
R,ū,d,a,r,p,u,r
R,o,o,r,k,e,e
R,o,n
R,o,h,t,a,k
R,o,h,a
R,o,b,e,r,t,s,o,n,p,e,t
R,o,b,e,r,t,s,g,a,n,j
R,i,s,o,d
R,i,s,h,r,a
R,i,s,h,ī,k,e,s,h
R,ī,n,g,a,s
R,i,c,h,h,a
R,e,w,ā,r,i
R,e,w,a
R,e,v,e,l,g,a,n,j
R,e,p,a,l,l,e
R,e,o,t,i
R,e,n,u,k,ū,t
R,e,n,i,g,u,n,t,a
R,e,m,u,n,a
R,e,h,l,i
R,ā,z,ā,m
R,a,y,b,a,g
R,ā,y,a,d,r,u,g
R,ā,y,a,c,h,o,t,i
R,ā,y,a
R,a,x,a,u,l
R,ā,w,a,t,s,ā,r
R,ā,w,a,t,b,h,ā,t,a
R,ā,v,e,r
R,a,u,r,k,e,l,a
R,a,t,n,a,g,i,r,i
R,a,t,l,ā,m
R,a,t,i,a
R,ā,t,h
R,a,t,a,n,p,u,r
R,a,t,a,n,g,a,r,h
R,a,s,r,ā
R,a,s,i,p,u,r,a,m
R,ā,p,a,r
R,ā,n,ī,p,u,r
R,ā,n,i,p,e,t
R,ā,n,i,k,h,e,t
R,ā,n,ī,g,a,n,j
R,ā,n,ī,b,e,n,n,u,r
R,ā,n,i,a
R,a,n,g,i,a
R,a,n,g,ā,p,ā,r,a
R,a,n,c,h,i
R,ā,n,ā,v,ā,v
R,ā,n,ā,g,h,ā,t
R,ā,m,t,e,k
R,a,m,p,u,r, ,H,a,t
R,ā,m,p,u,r,a
R,ā,m,p,u,r,a
R,ā,m,p,u,r
R,ā,m,p,u,r
R,ā,m,n,a,g,a,r
R,ā,m,n,a,g,a,r
R,ā,m,n,a,g,a,r
R,ā,m,j,ī,b,a,n,p,u,r
R,ā,m,g,u,n,d,a,m
R,ā,m,g,a,r,h
R,ā,m,g,a,r,h
R,ā,m,g,a,n,j, ,M,a,n,d,i
R,a,m,e,s,w,a,r,a,m
R,ā,m,ā,p,u,r,a,m
R,a,m,a,n,a,t,h,a,p,u,r,a,m
C,l,o,s,e,p,e,t
R,ā,m,a,c,h,a,n,d,r,a,p,u,r,a,m
R,ā,j,ū,r,a
R,ā,j,u,l,a
R,ā,j,s,a,m,a,n,d
R,ā,j,p,u,r,a
R,a,j,p,u,r
R,a,j,p,u,r
R,ā,j,p,ī,p,l,a
R,ā,j,-,N,ā,n,d,g,a,o,n
R,ā,j,m,a,h,a,l
R,ā,j,k,o,t
R,ā,j,g,u,r,u,n,a,g,a,r
R,ā,j,g,ī,r
R,ā,j,g,a,r,h
R,ā,j,g,a,r,h
R,ā,j,g,a,r,h
R,ā,j,g,a,r,h
R,a,j,a,o,r,i
R,a,j,a,p,a,l,a,i,y,a,m
R,ā,z,a,m,p,e,t,a
R,ā,j,a,l,d,e,s,a,r
R,ā,j,ā,k,h,e,r,a
R,ā,j,a,h,m,u,n,d,r,y
R,ā,i,s,i,n,g,h,n,a,g,a,r
R,a,i,s,e,n
R,ā,i,p,u,r
R,a,i,p,u,r
R,a,i,p,u,r
R,ā,i,k,o,t
R,a,i,g,a,r,h
R,ā,i,g,a,n,j
R,ā,i,c,h,ū,r
R,ā,h,u,r,i
R,a,h,i,m,a,t,p,u,r
R,ā,h,a,t,g,a,r,h
R,a,g,h,u,n,a,t,h,p,u,r
R,ā,g,h,o,g,a,r,h
R,a,f,i,g,a,n,j
R,a,e,b,a,r,e,l,i
R,ā,d,h,a,n,p,u,r
R,a,b,k,a,v,i
K,o,l,l,a,m
K,a,s,b,a
Q,ā,d,i,ā,n
P,u,t,t,ū,r
P,u,t,t,ū,r
P,u,s,h,k,a,r
P,u,s,a,d
P,u,r,w,ā
P,u,r,u,l,i,y,a
P,u,r,n,i,a
P,ū,r,n,a
P,u,r,i
P,ū,r,a,n,p,u,r
P,u,p,r,i
P,u,n,j,a,i, ,P,u,l,i,y,a,m,p,a,t,t,i
P,u,n,g,a,n,ū,r,u
P,u,n,e
P,ū,n,d,r,i
P,u,n,ā,s,a
P,u,n,a,l,ū,r
P,ū,n,ā,h,ā,n,a
P,u,l,w,a,m,a
P,u,l,i,y,a,n,g,u,d,i
P,u,l,i,v,e,n,d,l,a
P,u,l,g,a,o,n
P,u,k,h,r,ā,y,ā,n
P,u,d,u,k,k,o,t,t,a,i
P,r,o,d,d,a,t,ū,r
P,r,a,t,ā,p,g,a,r,h
P,o,r,t, ,B,l,a,i,r
P,o,r,s,a
P,o,r,b,a,n,d,a,r
P,o,o,n,a,m,a,l,l,e
P,o,n,n,ū,r,u
P,o,n,n,e,r,i
P,o,n,n,ā,n,i
P,u,d,u,c,h,e,r,r,y
P,o,n,d,a
P,o,l,ū,r
P,o,l,l,a,c,h,i
P,o,l,a,v,a,r,a,m
P,o,l,a,s,a,r,a
P,o,k,a,r,a,n
P,i,t,h,o,r,ā,g,a,r,h
P,i,t,h,ā,p,u,r,a,m
P,i,r,o
P,i,r,i,y,ā,p,a,t,n,a
P,i,r,a,v,a,m
P,ī,p,r,i
P,i,p,r,a,i,c,h
P,i,p,i,l,i
P,ī,p,ā,r
P,i,n,j,a,u,r
P,i,n,d,w,ā,r,a
P,i,n,ā,h,a,t
P,i,m,p,r,i
P,i,l,k,h,u,a
P,ī,l,i,b,h,ī,t
P,i,l,i,b,a,n,g,a,n
P,i,l,ā,n,i
P,i,h,ā,n,ī
P,h,u,l,p,u,r
P,h,u,l,e,r,a
P,h,u,l,b,ā,n,i
P,h,i,r,a,n,g,i,p,u,r,a,m
P,h,i,l,l,a,u,r
P,h,e,k
P,h,a,p,h,ū,n,d
P,h,a,l,t,a,n
P,h,a,l,o,d,i
P,h,a,l,a,u,d,a
P,h,a,g,w,ā,r,a
P,e,t,l,ā,d
P,e,r,u,n,d,u,r,a,i
P,e,r,u,m,p,ā,v,ū,r
P,e,r,i,y,a,n,a,y,a,k,k,a,n,p,a,l,a,i,y,a,m
P,e,r,i,y,a,k,u,l,a,m
P,e,r,a,v,u,r,a,n,i
P,e,r,a,n,ā,m,p,a,t,t,u
P,e,r,a,m,b,a,l,u,r
P,e,n,u,k,o,n,d,a
P,e,n,u,g,o,n,d,a
P,e,n,n,ā,g,a,r,a,m
P,e,n,n,ā,d,a,m
P,e,n
P,e,h,o,w,a
P,e,d,d,ā,p,u,r,a,m
P,e,d,d,a,p,a,l,l,i
P,e,d,a,n,a
P,a,y,y,a,n,n,ū,r
P,a,w,ā,y,a,n
P,ā,v,u,g,a,d,a
P,a,u,r,i
P,a,w,n,i
P,ā,t,ū,r
P,a,t,t,u,k,k,o,t,t,a,i
P,a,t,t,i
P,a,t,n,ā,g,a,r,h
P,a,t,n,a
P,a,t,i,ā,l,a
P,ā,t,h,r,i
P,a,t,h,a,r,i,a
P,ā,t,h,a,r,d,i,h
P,ā,t,h,a,r,d,i
P,a,t,h,ā,n,k,o,t
P,a,t,h,a,n,ā,m,t,h,i,t,t,a
P,a,t,h,a,l,g,a,o,n
P,a,t,a,u,d,i
P,a,t,a,n,c,h,e,r,u
P,ā,t,a,n
P,a,t,ā,m,u,n,d,a,i
P,ā,s,i,g,h,ā,t
P,a,s,ā,n
P,a,r,v,a,t,s,a,r
P,ā,r,v,a,t,i,p,u,r,a,m
P,a,r,t,ū,r
P,a,r,o,l,a
P,a,r,l,i, ,V,a,i,j,n,ā,t,h
P,a,r,l,ā,k,i,m,i,d,i
P,a,r,i,y,ā,p,u,r,a,m
P,a,r,ī,c,h,h,a,t,g,a,r,h
P,ā,r,d,i
P,a,r,b,h,a,n,i
P,a,r,a,v,ū,r, ,T,e,k,k,u,m,b,h,ā,g,a,m
P,a,r,ā,s,i,a
P,a,r,a,m,a,g,u,d,i
P,a,r,ā,d,ī,p, ,G,a,r,h
P,ā,p,p,i,n,i,s,s,h,ē,r,i
P,a,p,a,n,a,s,a,m
P,ā,o,n,t,a, ,S,ā,h,i,b
P,a,n,v,e,l
P,a,n,r,u,t,i
P,a,n,n,a
P,o,n,m,a,n,a
P,ā,n,ī,p,a,t
P,ā,n,i,h,ā,t,i
P,a,n,d,u,a
P,ā,n,d,h,u,r,n,ā
P,a,n,d,h,a,r,p,u,r
F,r,e,n,c,h, ,R,o,c,k,s
P,a,n,a,j,i
P,a,n,ā,g,a,r
P,a,l,w,a,l
P,ā,l,o,n,c,h,a
P,a,l,a,n,i
P,a,l,m,a,n,e,r
P,a,l,l,i,p,p,a,t,t,i
P,a,l,l,i,k,o,n,d,a,i
P,a,l,l,ā,v,a,r,a,m
P,a,l,l,a,p,p,a,t,t,i
P,a,l,l,a,d,a,m
P,ā,l,k,o,n,d,a
P,ā,l,i,t,ā,n,a
P,a,l,i,ā, ,K,a,l,ā,n
P,ā,l,i
P,ā,l,i
P,ā,l,g,h,ā,t
P,ā,l,g,h,a,r
P,a,l,e,r,a
P,a,l,ā,s,a
P,ā,l,a,n,p,u,r
P,ā,l,a,k,o,l,l,u
P,ā,l,a,k,k,o,d,u
P,a,k,u,r
P,ā,k,ā,l,a
P,a,i,t,h,a,n
P,a,h,ā,s,u
P,a,d,r,a,u,n,a
P,a,d,r,a
P,a,d,m,a,n,ā,b,h,a,p,u,r,a,m
P,a,d,a,m,p,u,r
P,a,d,a,m,p,u,r
P,a,d,a,m
P,a,c,h,p,e,r,w,a
P,ā,c,h,o,r,a
O,t,t,a,p,p,ā,l,a,m
O,s,m,a,n,a,b,a,d
O,r,a,i
O,n,g,o,l,e
O,k,h,a
O,z,a,r
O,b,r,a
N,ū,z,v,ī,d
N,ū,r,p,u,r
N,o,w,r,a,n,g,a,p,u,r
N,o,r,t,h, ,L,a,k,h,i,m,p,u,r
N,o,r,t,h, ,G,u,w,ā,h,ā,t,i
N,o,n,g,s,t,o,i,n
N,o,k,h,a
N,o,h,a,r
N,o,ā,m,u,n,d,i
N,i,z,ā,m,ā,b,ā,d
N,i,r,m,ā,l,i
N,i,r,m,a,l
N,i,p,ā,n,i
N,e,e,m, ,k,a, ,T,h,a,n,a
N,ī,m,b,ā,h,e,r,a
N,i,m,ā,p,a,r,h,a
N,ī,m,ā,j
N,ī,l,o,k,h,e,r,i
N,ī,l,ē,s,h,w,a,r
N,i,l,a,n,g,a
N,i,l,a,k,o,t,t,a,i
N,ī,l,g,i,r,i
N,i,h,t,a,u,r
N,i,d,a,d,a,v,o,l,e
N,i,c,h,l,a,u,l
N,e,y,y,ā,t,t,i,n,k,a,r,a
N,e,y,v,e,l,i
N,e,w, ,D,e,l,h,i
N,e,r,a,l
N,e,p,ā,n,a,g,a,r
N,e,l,l,o,r,e
N,e,l,l,i,k,k,u,p,p,a,m
N,e,l,a,m,a,n,g,a,l,a
N,e,d,u,m,a,n,g,ā,d
N,ā,y,u,d,u,p,e,t
N,a,y,ā,g,a,r,h
N,a,w,a,n,s,h,a,h,r
N,a,w,a,l,g,a,r,h
N,i,w,a,i
N,a,w,ā,d,a
N,a,w,ā,b,g,a,n,j
N,a,w,ā,b,g,a,n,j
N,a,w,ā,b,g,a,n,j
N,ā,w,a
N,a,v,s,a,r,i
N,a,v,a,l,g,u,n,d
N,a,v,a,d,w,ī,p
N,a,u,t,a,n,w,a
N,a,u,g,a,c,h,h,i,a
N,a,t,t,a,m
N,ā,t,h,d,w,ā,r,a
N,a,s,r,u,l,l,ā,h,g,a,n,j
N,ā,s,r,i,g,a,n,j
N,ā,s,p,u,r
N,a,s,ī,r,ā,b,ā,d
N,a,s,h,i,k
N,a,r,w,a,r
N,a,r,w,ā,n,a
N,a,r,s,ī,p,a,t,n,a,m
N,a,r,s,i,n,g,h,g,a,r,h
N,a,r,s,i,m,h,a,p,u,r
N,ā,r,n,a,u,n,d
N,ā,r,n,a,u,l
N,a,r,g,u,n,d
N,a,r,e,l,a
N,a,r,e,g,a,l
N,ā,r,ā,y,a,n,p,e,t
N,a,r,ā,y,a,n,g,a,r,h
N,ā,r,a,v,ā,r,i,k,u,p,p,a,m
N,a,r,a,u,r,a
N,a,r,a,u,l,i
N,a,r,a,s,a,r,a,o,p,e,t
N,a,r,a,s,a,p,u,r
N,a,r,a,s,a,n,n,a,p,e,t,a
N,a,r,a,i,n,i
N,a,r,a,i,n,a
N,a,p,ā,s,a,r
N,ā,n,p,ā,r,a
N,a,n,j,a,n,g,ū,d
N,ā,n,g,l,o,i, ,J,ā,t
N,a,n,g,a,l
N,a,n,d,y,ā,l
N,a,n,d,u,r,b,a,r
N,ā,n,d,ū,r,a, ,B,u,z,u,r,g
N,a,n,d,i,k,o,t,k,ū,r
N,a,n,d,i,g,ā,m,a
N,ā,n,d,g,a,o,n
N,a,n,d,e,d
N,a,n,a,u,t,a
N,ā,m,r,u,p
N,a,m,b,i,y,ū,r
N,ā,m,a,k,k,a,l
N,ā,m,a,g,i,r,i,p,e,t,t,a,i
N,a,l,h,ā,t,i
N,a,l,g,o,n,d,a
N,a,l,d,u,r,g
N,a,k,ū,r
N,a,k,s,a,l,b,ā,r,i
N,a,k,o,d,a,r
N,a,j,ī,b,ā,b,ā,d
N,a,j,a,f,g,a,r,h
N,a,i,n,w,a
N,a,i,n,p,u,r
N,a,i,n,i, ,T,ā,l
N,a,i,h,ā,t,i
N,a,h,o,r,k,a,t,i,y,a
N,ā,h,a,n
N,a,g,p,u,r
N,ā,g,o,d
N,a,g,ī,n,a
N,ā,g,e,r,c,o,i,l
N,a,g,d,a
N,ā,g,a,u,r
N,ā,g,a,r, ,K,a,r,n,ū,l
N,a,g,a,r,i
N,a,g,a,r
N,e,g,a,p,a,t,a,m
N,ā,g,a,m,a,n,g,a,l,a
N,a,d,u,v,a,n,n,ū,r
N,a,d,i,ā,d
N,ā,d,b,a,i
N,ā,d,ā,p,u,r,a,m
N,a,b,ī,n,a,g,a,r
N,ā,b,h,a
M,y,s,o,r,e
M,u,z,a,f,f,a,r,p,u,r
M,u,z,a,f,f,a,r,n,a,g,a,r
M,ū,v,a,t,t,u,p,u,l,a
M,u,t,t,u,p,e,t
M,u,s,s,o,o,r,i,e
M,u,s,i,r,i
M,u,s,h,ā,b,a,n,i
M,u,r,w,ā,r,a
M,u,r,t,a,j,ā,p,u,r
M,u,r,s,h,i,d,ā,b,ā,d
M,u,r,l,ī,g,a,n,j
M,o,r,i,n,d,a
M,u,r,b,ā,d
M,u,r,ā,d,n,a,g,a,r
M,u,n,n,a,r
M,o,n,g,h,y,r
M,u,n,g,e,l,i
M,u,n,g,a,o,l,i
M,ū,n,d,w,a
M,u,n,d,r,a
M,u,n,d,g,o,d
M,u,n,d,a,r,g,i
M,u,l,t,a,i
M,ū,l,k,i
M,u,l,g,u,n,d
M,u,l,b,ā,g,a,l
M,u,l,u,p,p,i,l,a,g,a,d,u
M,ū,l
M,u,k,t,s,a,r
M,u,k,h,e,r
M,u,k,e,r,i,ā,n
M,u,h,a,m,m,a,d,ā,b,ā,d
M,u,h,a,m,m,a,d,ā,b,ā,d
M,u,h,a,m,m,a,d,ā,b,ā,d
M,u,g,h,a,l, ,S,a,r,ā,i
M,u,d,k,h,e,d
M,u,d,h,o,l
M,u,d,g,a,l
M,u,d,d,e,b,i,h,ā,l
M,ū,d,b,i,d,r,i
M,u,b,a,r,a,k,p,u,r
M,o,t,h,ī,h,ā,r,i
M,o,r,w,a
M,o,r,s,i
M,o,r,e,n,a
M,o,r,b,i
M,o,r,ā,r
M,o,r,a,m
M,o,r,ā,d,ā,b,ā,d
M,o,n
M,o,k,o,k,c,h,ū,n,g
M,o,k,a,m,e,h
M,o,i,r,ā,n,g
M,o,g,a
M,o,d,ā,s,a
M,i,s,r,i,k,h
M,i,r,z,ā,p,u,r
M,i,r,i,ā,l,g,ū,d,a
M,ī,r,g,a,n,j
M,ī,r,ā,n,p,u,r, ,K,a,t,r,a
M,ī,r,ā,n,p,u,r
M,ī,n,j,ū,r
M,i,l,a,k
M,i,h,o,n,a
M,h,ā,s,v,ā,d
M,e,t,t,u,r
M,e,t,t,u,p,a,l,a,y,a,m
M,e,r,t,a
M,e,n,d,a,r,d,a
M,e,m,ā,r,i
M,e,l,u,r
M,e,h,n,d,ā,w,a,l
M,e,h,k,a,r
M,e,e,r,u,t
M,e,d,i,n,ī,p,u,r
M,e,d,a,k
M,a,y,i,l,a,d,u,t,h,u,r,a,i
M,a,y,ā,n,g, ,I,m,p,h,ā,l
M,a,w,ā,n,a
M,a,v,o,o,r
M,ā,v,e,l,i,k,a,r,a
M,a,u,r
M,a,u,g,a,n,j
M,a,u,d,a,h,a
M,a,u, ,A,i,m,m,a
M,a,u
M,a,u
M,a,t,t,a,n,u,r
M,a,t,h,u,r,a
M,ā,t,ā,b,h,ā,n,g,a
M,a,s,a,u,r,h,i, ,B,u,z,u,r,g
M,o,r,m,u,g,a,o
M,ā,r,k,ā,p,u,r
M,a,r,i,ā,n,i
M,a,r,i,ā,h,u
M,a,r,h,a,u,r,a
M,a,r,g,h,e,r,i,t,a
M,a,r,a,k,k,a,n,a,m
M,a,r,a,y,u,r
M,ā,r,a,h,r,a
M,ā,p,u,c,a
M,ā,n,w,a,t
M,ā,n,v,i
M,a,n,t,h,a,n,i
M,ā,n,s,a
M,ā,n,s,a
M,a,n,o,h,a,r,p,u,r
M,a,n,n,a,r,g,u,d,i
M,a,n,n,ā,r,a,k,k,ā,t
M,a,n,m,ā,d
M,a,n,k,ā,c,h,a,r
M,a,j,a,l,g,a,o,n
M,a,n,j,h,a,n,p,u,r
M,a,n,j,e,r,i
M,a,n,i,p,a,l
M,a,n,i,h,ā,r,i
M,a,n,i,a,r
M,a,n,g,r,ū,l, ,P,ī,r
M,ā,n,g,r,o,l
M,ā,n,g,r,o,l
M,a,n,g,l,a,u,r
M,a,n,g,a,l,o,r,e
M,a,n,g,a,l,d,a,i
M,a,n,g,a,l,a,g,i,r,i
M,a,n,e,r
M,a,n,d,y,a
M,ā,n,d,v,i
M,ā,n,d,v,i
M,a,n,d,s,a,u,r
M,a,n,d,l,ā
M,a,n,d,i
M,a,n,d,ā,w,a,r
M,a,n,d,a,p,e,t,a
M,a,n,d,a,p,a,m
M,ā,n,d,a,l,g,a,r,h
M,ā,n,d,a,l
M,a,n,c,h,e,r,ā,l
M,a,n,ā,w,a,r
M,ā,n,ā,v,a,d,a,r
M,a,n,ā,s,a
M,a,n,a,p,p,a,r,a,i
M,a,n,a,m,a,d,u,r,a,i
M,a,n,a,l,i
M,ā,l,v,a,n
M,ā,l,ū,r
M,ā,l,p,u,r,a
M,a,l,p,e
M,a,l,l,a,s,a,m,u,d,r,a,m
M,a,l,k,ā,p,u,r
M,a,l,a,k,a,n,a,g,i,r,i
M,a,l,ī,h,ā,b,ā,d
M,ā,l,e,r, ,K,o,t,l,a
M,ā,l,e,g,a,o,n
M,a,l,a,v,a,l,l,i
M,a,l,a,u,t
M,a,l,a,p,p,u,r,a,m
M,ā,k,u,m
M,a,k,s,i
M,a,k,r,ā,n,a
M,a,i,r,w,a
M,a,i,n,p,u,r,i
M,a,i,n,ā,g,u,r,i
M,a,i,h,a,r
M,a,h,w,a,h
M,a,h,u,d,h,a
M,a,h,o,l,i
M,a,h,o,b,ā
M,a,h,m,u,d,ā,b,ā,d
M,a,h,ī,s,h,ā,d,a,l
M,a,h,g,a,w,ā,n
M,a,h,e,s,h,w,a,r
M,a,h,e,n,d,r,a,g,a,r,h
M,a,h,e,m,d,ā,v,ā,d
M,a,h,ē
M,a,h,b,ū,b,n,a,g,a,r
M,a,h,b,ū,b,ā,b,ā,d
M,a,h,ā,s,a,m,u,n,d
M,a,h,ā,r,ā,g,a,n,j
M,a,h,ā,r,ā,j,g,a,n,i
M,a,h,a,m
M,a,h,ā,l,i,n,g,p,u,r
M,a,h,ā,d
M,a,g,h,a,r
M,ā,g,a,d,i
M,a,d,u,r,ā,n,t,a,k,a,m
M,a,d,u,r,a,i
M,a,d,u,k,k,ū,r
M,a,d,u,k,k,a,r,a,i
C,h,e,n,n,a,i
M,a,d,i,k,e,r,i
M,a,d,h,y,a,m,g,r,a,m
M,a,d,h,u,p,u,r
M,a,d,h,u,g,i,r,i
M,a,d,h,u,b,a,n,i
M,a,d,h,i,p,u,r,a
M,a,d,g,a,o,n
M,a,d,d,ū,r
M,a,d,a,n,a,p,a,l,l,e
M,a,c,h,i,l,ī,p,a,t,n,a,m
M,a,c,h,h,l,ī,s,h,a,h,r
M,ā,c,h,h,ī,w,ā,r,a
M,ā,c,h,e,r,l,a
L,u,n,g,l,e,i
L,ū,n,ā,v,ā,d,a
L,u,d,h,i,ā,n,a
L,u,c,k,n,o,w
L,u,c,k,e,e,s,a,r,a,i
L,o,s,a,l
L,o,n,i
L,o,n,a,v,l,a
L,o,n,a,r
L,o,h,ā,r,d,a,g,ā
L,i,n,g,s,u,g,ū,r
L,i,m,b,d,i
L,e,t,e,r,i
L,e,h
L,ā,w,a,r, ,K,h,ā,s
L,a,u,n,g,o,w,ā,l
L,a,t,u,r
L,ā,t,h,i
L,ā,t,e,h,ā,r
L,a,r
L,ā,l,s,o,t
L,ā,l,p,u,r
L,a,l,i,t,p,u,r
L,a,l,g,u,d,i
L,ā,l,g,o,l,a
L,ā,l,g,a,n,j
L,ā,l,g,a,n,j
L,a,k,s,h,m,e,s,h,w,a,r
L,a,k,s,a,r
L,a,k,h,y,a,b,a,d
L,a,k,h,n,ā,d,o,n
L,a,k,h,ī,m,p,u,r
L,ā,k,h,e,r,i
L,ā,h,a,r,p,u,r
L,a,h,ā,r
L,ā,d,w,a
L,ā,d,n,ū,n
L,a,c,h,h,m,a,n,g,a,r,h, ,S,ī,k,a,r
K,u,z,h,i,t,h,u,r,a,i
K,o,o,t,h,a,n,a,l,l,u,r
K,u,t,t,a,m,p,u,z,h,a
K,u,t,i,y,ā,n,a
K,u,t,i,a,t,o,d,u
K,u,s,h,t,a,g,i
K,u,r,n,o,o,l
K,u,r,i,n,j,i,p,p,ā,d,i
K,u,r,d,u,v,ā,d,i
K,u,r,a,n,d,v,ā,d
K,u,p,p,a,m
K,u,n,n,a,m,k,u,l,a,m
K,u,n,n,a,m,a,n,g,a,l,a,m
K,u,n,i,g,a,l
K,u,n,d,l,a
K,u,n,d,g,o,l
K,u,n,d,a,r,k,h,i
K,u,n,d,a
K,u,m,t,a
K,ū,m,h,e,r
K,u,m,h,ā,r,i
K,u,m,b,h,r,ā,j
K,u,m,b,a,k,o,n,a,m
K,u,l,u
K,u,l,t,i
K,u,l,p,a,h,ā,r
K,u,l,i,t,t,a,l,a,i
K,u,l,g,a,m
K,u,k,s,h,i
K,ū,k,a,t,p,a,l,l,i
K,u,j,u
K,ū,d,l,i,g,i
K,u,d,a,c,h,i
K,u,c,h,e,r,a
K,u,c,h,ā,m,a,n
K,u,c,h,a,i,b,u,r,i
K,r,i,s,h,n,a,r,ā,j,p,e,t
K,r,i,s,h,n,a,n,a,g,a,r
K,r,i,s,h,n,a,g,i,r,i
K,o,z,h,i,k,o,d,e
K,o,y,n,a,n,a,g,a,r
K,o,v,v,ū,r
K,o,v,ū,r
K,o,v,i,l,p,a,t,t,i
K,o,t,t,ū,r,u
K,o,t,t,a,y,a,m
K,o,t,t,a,g,ū,d,e,m
K,o,t,p,u,t,l,i
K,o,t,m,a
K,o,t,d,w,ā,r,a
K,o,t,a,p,ā,r,h
K,o,t,a,m,a,n,g,a,l,a,m
K,o,t,a,g,i,r,i
K,o,t,a
K,o,t,ā
K,o,s,i,g,i
K,o,s,i
K,o,s,a,m,b,a
K,o,r,w,a,i
K,o,r,e,g,a,o,n
K,o,r,b,a
K,o,r,a,t,l,a
K,o,r,ā,p,u,t
K,o,p,p,a,l
K,o,p,a,r,g,a,o,n
K,o,p,ā,g,a,n,j
K,o,n,n,ū,r
K,o,n,n,a,g,a,r
K,o,n,d,a,p,a,l,l,e
K,o,n,d,a,g,a,o,n
K,o,n,c,h
K,o,n,ā,r,k,a
K,o,l,a,s,i,b
K,o,l,l,e,g,ā,l
K,o,l,h,ā,p,u,r
K,o,l,ā,r,a,s
K,o,l,ā,r
C,o,l,a,c,h,e,l
K,o,k,r,a,j,h,a,r
K,o,h,ī,m,a
K,o,e,l,w,ā,r
K,o,d,u,n,g,a,l,l,ū,r
K,o,d,o,l,i
K,o,d,ī,n,a,r
K,o,d,a,r,m,ā
K,o,d,ā,r
K,o,d,a,i,k,ā,n,ā,l
K,o,c,h, ,B,i,h,ā,r
K,o,ā,t,h
K,i,z,h,a,k,e, ,C,h,ā,l,a,k,u,d,i
K,i,t,h,o,r
K,i,s,h,t,w,ā,r
K,i,s,h,a,n,g,a,r,h
K,i,s,h,a,n,g,a,n,j
K,ī,r,a,t,p,u,r
K,i,r,a,o,l,i
K,i,n,w,a,t
K,i,c,h,h,a
K,h,ū,t,ā,r
K,h,u,r,j,a
K,h,u,r,d,a
K,h,u,r,a,i
K,h,u,n,t,i
K,h,u,l,d,ā,b,ā,d
K,h,o,w,a,i
K,h,o,p,o,l,i
K,h,i,r,k,i,y,ā,n
K,h,i,l,c,h,i,p,u,r
K,h,e,t,r,i
K,h,e,t,i,a
K,h,e,r,i
K,h,e,r,ā,l,u
K,h,e,k,r,a
K,h,e,d,b,r,a,h,m,a
K,h,e,d,a
K,h,ā,t,r,a
K,h,a,t,ī,m,a
K,h,ā,t,e,g,a,o,n
K,h,a,t,a,u,l,i
K,h,ā,r,u,p,a,t,i,a
K,h,a,r,s,i,a
K,h,a,r,k,h,a,u,d,a
K,h,a,r,g,o,n,e
K,h,a,r,d,a,h
K,h,a,r,a,r
K,h,a,r,a,k,v,a,s,l,a
K,h,a,r,a,g,p,u,r
K,h,a,r,a,g,p,u,r
K,h,ā,p,a
K,h,a,n,n,a
K,h,a,n,d,w,a
K,h,a,n,d,e,l,a
K,h,ā,n,ā,p,u,r
K,h,a,m,m,a,m
K,h,ā,m,g,a,o,n
K,h,a,m,b,h,ā,t
K,h,a,m,b,h,ā,l,i,y,a
K,h,a,m,a,r,i,a
K,h,a,l,ī,l,ā,b,ā,d
K,h,a,j,u,r,a,h,o, ,G,r,o,u,p, ,o,f, ,M,o,n,u,m,e,n,t,s
K,h,a,i,r,ā,g,a,r,h
K,h,a,i,r,ā,g,a,r,h
K,h,a,i,r,ā,b,ā,d
K,h,a,i,r
K,h,a,g,a,u,l
K,h,a,g,a,r,i,a
K,h,a,d,k,i
K,h,a,d,a
K,h,ā,c,h,r,o,d
K,e,s,i,n,g,a
K,e,s,h,o,r,a,i, ,P,ā,t,a,n
K,e,s,h,o,d
K,e,r,ū,r
K,e,n,d,r,ā,p,a,r,h,a
K,e,n,d,a
K,e,m,r,ī
K,e,k,r,i
K,ā,y,a,n,k,u,l,a,m
K,a,y,a,l,p,a,t,t,i,n,a,m
K,a,w,a,r,d,h,a
K,ā,v,a,l,i
K,a,t,t,i,v,ā,k,k,a,m
K,a,t,t,a,n,a,m
K,ā,t,r,ā,s
K,ā,t,p,ā,d,i
K,ā,t,o,y,a
K,ā,t,o,l
K,a,t,i,h,a,r
K,a,t,h,u,a
K,ā,t,h,o,r
K,a,t,g,h,o,r,a
K,a,t,a,n,g,i
K,a,t,a,n,g,i
K,a,s,r,ā,w,a,d
K,a,s,h,i,p,u,r
K,ā,s,g,a,n,j
K,ā,s,a,r,a,g,o,d
K,a,r,w,a,r
K,a,r,u,r
K,a,r,t,ā,r,p,u,r
K,ā,r,s,i,y,ā,n,g
K,a,r,o,l, ,B,ā,g,h
K,a,r,n,ā,l
K,a,r,m,ā,l,a
K,ā,r,k,a,l,a
K,a,r,j,a,t
K,a,r,ī,m,n,a,g,a,r
K,a,r,ī,m,g,a,n,j
K,a,r,h,a,l
K,a,r,e,r,a
K,a,r,e,l,i
K,a,r,a,u,l,i
K,ā,r,a,n,j,a
K,a,r,a,m,s,a,d
K,ā,r,a,m,a,d,a,i
K,ā,r,a,i,k,k,u,d,i
K,ā,r,a,i,k,ā,l
K,a,r,ā,d
K,a,p,ū,r,t,h,a,l,a
K,ā,p,r,e,n
K,a,p,a,d,v,a,n,j
K,ā,n,t,h
K,a,n,t,ā,b,ā,n,j,i
K,ā,n,t
K,a,n,p,u,r
K,a,n,n,o,d
K,a,n,n,i,y,ā,k,u,m,ā,r,i
K,a,n,n,a,u,j
K,ā,n,n,a,n,g,ā,d
K,a,n,n,a,d
K,ā,n,k,e,r
K,ā,n,k,e
K,a,n,k,a,u,l,i
K,a,n,i,g,i,r,i
K,a,n,g,a,y,a,m
K,a,n,d,u,k,ū,r
K,ā,n,d,l,a
K,ā,n,d,i
K,ā,n,d,h,l,a
K,a,n,c,h,i,p,u,r,a,m
K,ā,n,k,ā,n,h,a,l,l,i
K,ā,m,t,h,i
K,a,m,p,l,i
C,u,m,b,u,m
K,ā,m,ā,r,h,ā,t,i
K,ā,m,ā,r,e,d,d,i
K,ā,m,a,n
K,a,m,a,l,g,a,n,j
K,ā,m,ā,k,h,y,ā,n,a,g,a,r
K,a,l,y,a,n,i
K,a,l,y,ā,n
K,a,l,u,g,u,m,a,l,a,i
K,ā,l,p,i
K,a,l,p,a,t,t,a
K,ā,l,o,l
K,ā,l,n,a
K,a,l,m,e,s,h,w,a,r
K,a,l,l,i,d,a,i,k,u,r,i,c,h,i
K,a,l,l,a,k,k,u,r,i,c,h,c,h,i
K,ā,l,k,a
K,ā,l,i,y,ā,g,a,n,j
K,ā,l,i,m,p,o,n,g
K,a,l,g,h,a,t,g,i
K,ā,l,ā,v,a,d
K,ā,l,ā,n,w,ā,l,i
K,a,l,ā,n,a,u,r
K,a,l,a,m,n,ū,r,i
K,a,l,a,m,b
K,a,l,a,k,k,ā,d,u
K,a,k,r,ā,l,a
K,ā,k,o,r,i
K,ā,k,i,n,ā,d,a
K,a,k,d,w,i,p
K,a,k,c,h,i,n,g
K,a,i,t,h,a,l
K,a,i,r,ā,n,a
K,a,i,m,o,r,i
K,a,i,m,g,a,n,j
K,a,i,l,ā,s,h,a,h,a,r
K,a,i,l,ā,r,a,s
K,a,i,k,a,l,ū,r
K,ā,g,a,l
K,a,d,ū,r
K,a,d,o,d
K,a,d,i,r,i
K,a,d,i
K,a,d,a,y,a,n,a,l,l,u,r
K,ā,n,c,h,r,ā,p,ā,r,a
K,a,c,h,h,w,a
K,a,b,r,ā,i
J,u,n,n,a,r
J,ū,n,ā,g,a,r,h
J,ū,n,ā,g,a,d,h
J,h,u,m,r,i, ,T,e,l,a,i,y,a
J,a,l,a,n,d,h,a,r
J,u,g,s,ā,l,a,i
J,o,r,h,ā,t
J,o,r,a
J,a,l,ā,r,p,e,t
J,o,g,b,a,n,i
J,o,d,i,y,a, ,B,a,n,d,a,r
J,o,d,h,p,u,r
J,o,d,h,p,u,r
J,i,n,t,ū,r
J,ī,n,d
J,h,ū,s,i
J,h,u,n,j,h,u,n,ū,n
J,h,i,n,j,h,ā,n,a
J,h,ī,n,j,h,a,k
J,h,a,r,s,u,g,u,d,a
J,h,a,r,i,a
J,h,ā,r,g,r,ā,m
J,h,ā,n,s,i
J,h,a,n,j,h,ā,r,p,u,r
J,h,ā,l,u
J,h,ā,l,r,a,p,ā,t,a,n
J,h,a,l,i,d,ā
J,h,ā,l,ā,w,ā,r
J,h,a,j,j,a,r
J,h,ā,-,J,h,ā
J,h,ā,b,u,a
J,e,w,a,r
J,e,v,a,r,g,i
J,e,t,p,u,r
J,e,y,p,o,r,e
J,a,i,n,a,g,a,r
J,a,y,n,a,g,a,r, ,M,a,j,i,l,p,u,r
J,a,y,a,m,k,o,n,d,a,c,h,o,l,a,p,u,r,a,m
J,ā,w,a,d
J,a,u,n,p,u,r
J,a,t,ā,r,a
J,a,t,a,n,i
J,a,s,w,a,n,t,n,a,g,a,r
J,a,s,p,u,r
J,a,s,i,d,i,h
J,a,s,h,p,u,r,n,a,g,a,r
J,a,s,d,a,n
J,a,r,w,a,l
J,a,o,r,ā
J,ā,n,s,a,t,h
J,ā,n,j,g,ī,r
J,a,n,g,i,p,u,r
J,a,n,g,a,o,n
J,a,n,d,i,ā,l,a
J,ā,m,u,r,i,a
J,a,m,ū,ī
J,ā,m,t,ā,r,a
J,a,m,s,h,e,d,p,u,r
J,a,m,n,a,g,a,r
J,a,m,m,u
J,a,m,m,a,l,a,m,a,d,u,g,u
J,a,m,k,h,a,n,d,i
J,a,m,b,u,s,a,r
J,a,m,ā,l,p,u,r
J,ā,m,a,i
J,ā,m,a,d,o,b,a
J,a,l,p,ā,i,g,u,r,i
J,a,l,o,r
J,ā,l,n,a
J,a,l,g,a,o,n, ,J,a,m,o,d
J,a,l,g,a,o,n
J,a,l,e,s,h,w,a,r
J,a,l,e,s,a,r
J,ā,l,a,u,n
J,a,l,ā,l,p,u,r
J,a,l,a,l,p,o,r,e
J,a,l,ā,l,ī
J,a,l,ā,l,ā,b,ā,d
J,a,l,ā,l,ā,b,a,d
J,a,l,ā,l,ā,b,ā,d
J,ā,j,p,u,r
J,a,i,t,o
J,a,i,t,ā,r,a,n
J,a,i,s,i,n,g,p,u,r
J,a,i,s,a,l,m,e,r
J,a,i,s
J,a,i,p,u,r
J,a,h,ā,z,p,u,r
J,a,h,ā,n,g,ī,r,ā,b,ā,d
J,a,h,ā,n,ā,b,ā,d
J,a,g,t,i,ā,l
J,a,g,r,a,o,n
J,a,g,g,a,y,y,a,p,e,t,a
J,a,g,d,ī,s,p,u,r
J,a,g,d,ī,s,h,p,u,r
J,a,g,d,a,l,p,u,r
J,a,g,a,t,s,i,n,g,h,a,p,u,r
J,a,g,a,l,ū,r
J,a,g,ā,d,h,r,i
J,a,b,a,l,p,u,r
I,t,i,m,ā,d,p,u,r
I,t,ā,r,s,i
I,t,ā,n,a,g,a,r
I,s,l,ā,m,p,u,r
I,s,l,ā,m,p,u,r
I,s,l,ā,m,n,a,g,a,r
I,r,u,g,ū,r
I,r,i,n,j,ā,l,a,k,u,d,a
I,r,i,n,g,a,l
I,n,g,r,ā,j, ,B,ā,z,ā,r
I,n,d,r,i
I,n,d,o,r,e
I,n,d,i
I,n,d,e,r,g,a,r,h
I,n,d,ā,p,u,r
I,m,p,h,ā,l
I,l,k,a,l
I,g,a,t,p,u,r,i
I,d,a,p,p,a,d,i
I,c,h,c,h,ā,p,u,r,a,m
I,c,h,a,l,k,a,r,a,n,j,i
H,y,d,e,r,ā,b,ā,d
H,a,d,a,g,a,l,l,i
H,u,s,a,i,n,ā,b,ā,d
H,u,n,s,ū,r
H,u,n,g,u,n,d
H,u,k,e,r,i
H,u,g,l,i
H,u,b,l,i
H,o,w,l,i
H,o,s,ū,r
H,o,s,p,e,t
H,o,s,k,o,t,e
H,o,s,h,i,ā,r,p,u,r
H,o,s,h,a,n,g,ā,b,ā,d
H,o,s,d,u,r,g,a
H,o,n,n,ā,l,i
H,o,n,a,v,a,r
H,o,m,n,ā,b,ā,d
H,o,l,e, ,N,a,r,s,i,p,u,r
H,o,l,a,l,k,e,r,e
H,o,j,ā,i
H,o,d,a,l
H,i,s,u,ā
H,i,s,a,r
H,i,r,i,y,ū,r
H,i,r,e,k,e,r,ū,r
H,ī,r,ā,k,u,d
H,i,n,j,i,l,i,k,a,t,u
H,i,n,g,o,l,i
H,i,n,g,a,n,g,h,ā,t
H,i,n,d,u,p,u,r
H,i,n,d,o,r,i,a
H,i,n,d,a,u,n
H,i,m,a,t,n,a,g,a,r
H,i,l,s,a
H,a,z,ā,r,i,b,ā,g,h
H,ā,v,e,r,i
H,a,t,t,a
H,ā,t,h,r,a,s
H,a,s,t,i,n,ā,p,u,r
H,a,s,s,a,n
H,ā,s,i,m,ā,r,a
H,a,s,a,n,p,u,r
H,a,r,ū,r
H,a,r,s,ū,d
H,a,r,p,a,n,a,h,a,l,l,i
H,a,r,p,ā,l,p,u,r
H,ā,r,i,j
H,a,r,i,h,a,r
H,a,r,i,d,w,a,r
H,a,r,d,o,ī
H,a,r,d,a, ,K,h,ā,s
H,ā,p,u,r
H,ā,o,r,a
H,a,n,u,m,ā,n,g,a,r,h
H,ā,n,s,i
H,ā,n,g,a,l
H,a,n,d,i,ā
H,a,m,ī,r,p,u,r
H,a,m,ī,r,p,u,r
H,a,l,v,a,d
H,ā,l,o,l
H,a,l,i,y,a,l
H,ā,l,ī,s,a,h,a,r
H,a,l,d,w,a,n,i
H,a,l,d,a,u,r
H,ā,j,o
H,ā,j,ī,p,u,r
H,a,i,l,ā,k,ā,n,d,i
H,ā,f,l,o,n,g
H,a,d,g,ā,o,n
H,ā,b,r,a
G,y,ā,n,p,u,r
G,w,a,l,i,o,r
G,u,s,k,h,a,r,a
G,u,r,u,v,ā,y,ū,r
G,u,r,u, ,H,a,r, ,S,a,h,ā,i
G,u,r,s,a,r,ā,i
G,u,r,s,a,h,ā,i,g,a,n,j
G,u,r,m,a,t,k,ā,l
G,u,r,g,a,o,n
G,u,n,u,p,u,r
G,u,n,t,u,r
G,u,n,t,a,k,a,l, ,J,u,n,c,t,i,o,n
G,u,n,n,a,u,r
G,u,n,d,l,u,p,ē,t
G,u,n,a
G,u,m,m,i,d,i,p,u,n,d,i
G,u,m,l,ā
G,u,m,i,a
G,u,l,e,d,a,g,u,d,d,a
G,u,l,b,a,r,g,a
G,u,l,ā,o,t,h,i
G,u,l,ā,b,p,u,r,a
G,ū,d,u,v,ā,n,c,h,e,r,i
G,ū,d,ū,r
G,u,d,i,y,a,t,h,a,m
G,u,d,i,v,ā,d,a
G,u,d,a,l,u,r
G,u,b,b,i
G,o,y,e,r,k,ā,t,a
G,o,v,a,r,d,h,a,n
G,o,s,ā,b,a
G,o,r,a,n,t,l,a
G,o,r,a,k,h,p,u,r
G,o,r,a,k,h,p,u,r
G,o,b,i,c,h,e,t,t,i,p,a,l,a,y,a,m
G,o,p,ā,l,g,a,n,j
G,o,n,d,i,ā
G,o,n,d,a,l
G,o,n,d,ā, ,C,i,t,y
G,o,m,o,h
G,o,l,a, ,G,o,k,a,r,a,n,n,ā,t,h
G,o,l,ā,g,h,ā,t
G,o,k,a,v,a,r,a,m
G,o,k,a,r,n,a
G,o,k,a,k
G,o,h,ā,n,a
G,o,h,a,d,i
G,o,d,h,r,a
G,o,d,d,a
G,o,b,i,n,d,p,u,r
G,o,b,ā,r,d,ā,n,g,a
G,o,ā,l,p,ā,r,a
G,ī,r,ī,d,ī,h
G,i,n,g,e,e
G,i,d,d,a,r,b,ā,h,a
G,i,d,d,a,l,ū,r
G,h,u,g,u,s
G,h,o,t,i, ,B,u,d,r,u,k,h
G,h,o,s,ī
G,h,a,z,ī,p,u,r
G,h,ā,z,i,ā,b,ā,d
G,h,ā,t,s,ī,l,a
G,h,ā,t,a,n,j,i
G,h,ā,t,a,m,p,u,r
G,h,ā,t,ā,l
G,h,a,r,a,u,n,d,a
G,e,v,r,a,i
G,a,y,a
G,a,u,r,i,p,u,r
G,a,u,r,i,b,i,d,a,n,u,r
G,u,w,a,h,a,t,i
G,a,r,h,w,a
G,a,r,u,i
G,a,r,i,a,d,h,a,r
G,a,r,h,s,h,a,n,k,a,r
G,a,r,h,m,u,k,t,e,s,a,r
G,a,r,h,ā,k,o,t,a
G,a,n,n,a,v,a,r,a,m
G,a,n,g,t,o,k
G,a,n,g,o,l,l,i
G,a,n,g,o,h
G,a,n,g,ā,w,a,t,i
G,a,n,g,ā,r,ā,m,p,u,r
G,a,n,g,ā,p,u,r
G,a,n,g,ā,p,u,r
G,a,n,g,ā,p,u,r
G,a,n,g,ā,n,a,g,a,r
G,a,n,g,ā,k,h,e,r
G,a,n,d,h,i,n,a,g,a,r
G,ā,n,d,h,ī,d,h,ā,m
G,a,n,d,e,v,i
G,ā,n,d,a,r,b,a,l
G,a,j,r,a,u,l,a
G,a,j,e,n,d,r,a,g,a,r,h
G,a,d,w,ā,l
G,a,d,h,i,n,g,l,a,j
G,a,d,h,a,d,a
G,ā,d,a,r,w,ā,r,a
G,a,d,a,g
F,o,r,t, ,G,l,o,s,t,e,r
F,o,r,b,e,s,g,a,n,j
F,ī,r,o,z,p,u,r, ,J,h,i,r,k,a
F,e,r,o,z,e,p,o,r,e
F,ī,r,o,z,ā,b,ā,d
F,e,r,o,k,h
F,ā,z,i,l,k,a
F,a,t,w,a
F,a,t,e,h,p,u,r, ,S,ī,k,r,i
F,a,t,e,h,p,u,r
F,a,t,e,h,p,u,r
F,a,t,e,h,p,u,r
F,a,t,e,h,g,a,r,h, ,C,h,ū,r,i,ā,n
F,a,t,e,h,g,a,n,j, ,W,e,s,t
F,a,t,e,h,ā,b,ā,d
F,a,t,e,h,ā,b,ā,d
F,a,r,r,u,k,h,n,a,g,a,r
F,a,r,r,u,k,h,ā,b,ā,d
F,a,r,ī,d,p,u,r
F,a,r,ī,d,k,o,t
F,a,r,i,d,a,b,a,d
F,a,r,a,k,k,a
F,ā,l,ā,k,ā,t,a
F,a,i,z,p,u,r
F,y,z,ā,b,ā,d
E,t,ā,w,a,h
E,r,r,a,g,u,n,t,l,a
E,r,o,d,e
E,r,ā,t,t,u,p,e,t,t,a
E,r,a,n,d,o,l
E,m,m,i,g,a,n,ū,r
E,l,l,o,r,e
E,l,ū,r
E,l,l,e,n,a,b,a,d
E,l,a,m,a,n,c,h,i,l,i
E,g,r,a
D,w,ā,r,k,a
D,u,r,g,a,p,u,r
D,u,r,g,ā,p,u,r
D,u,r,g
D,ū,n,g,a,r,p,u,r
G,a,n,j, ,D,u,n,d,w,ā,r,a
D,u,m,r,a,o,n
D,u,m,r,a
D,u,m,k,a
D,u,m, ,D,u,m,a
D,a,m, ,D,a,m
D,u,l,i,ā,g,a,o,n
D,u,g,d,a
D,u,b,r,ā,j,p,u,r
D,o,r,n,a,k,a,l
D,o,r,ā,h,a
D,o,n,g,a,r,g,a,r,h
D,o,n,d,a,i,c,h,a
D,o,m,b,i,v,l,i
D,o,d,d,a,b,a,l,l,a,p,u,r,a
D,o,d,a
D,i,u
D,ī,s,a
D,i,p,h,u
D,ī,n,h,ā,t,a
D,i,n,d,o,r,i
D,i,n,d,i,g,u,l
D,ī,n,ā,n,a,g,a,r
D,i,m,ā,p,u,r
D,i,g,r,a,s
D,ī,g,l,ū,r
D,i,g,h,w,ā,r,a
D,i,g,b,o,i
D,ī,g
D,ī,d,w,ā,n,a
D,i,c,h,o,l,i
D,i,b,r,u,g,a,r,h
D,i,b,a,i
D,i,a,m,o,n,d, ,H,a,r,b,o,u,r
D,h,ū,r,i
D,h,u,p,g,ā,r,i
D,h,u,l,i,ā,n
D,h,ū,l,i,a
D,h,u,b,u,r,i
D,h,r,o,l
D,h,r,ā,n,g,a,d,h,r,a
D,h,o,r,ā,j,i
D,h,o,n,e
D,h,o,l,k,a
D,h,i,n,g
D,h,e,n,k,ā,n,ā,l
D,h,e,k,i,a,j,u,l,i
D,h,a,u,r,a,h,r,a
D,h,a,u,l,p,u,r
D,h,ā,r,ū,r
D,h,ā,r,u,h,e,r,a
D,h,a,r,a,m,s,a,l,a
D,h,a,r,m,a,v,a,r,a,m
D,h,a,r,m,a,p,u,r,i
D,h,a,r,m,a,n,a,g,a,r
D,h,a,r,m,a,d,a,m
D,h,a,r,m,ā,b,ā,d
D,h,ā,r,i,w,ā,l
D,h,ā,r,i
D,h,a,r,a,p,u,r,a,m
D,h,a,r,a,n,g,a,o,n
D,h,a,r,a,m,p,u,r
D,h,ā,r
D,h,a,n,e,r,a
D,h,a,n,d,h,u,k,a
D,h,a,n,b,a,d
D,h,a,n,a,u,r,a
D,h,a,n,a,u,l,a
D,h,a,m,t,a,r,i
D,h,ā,m,p,u,r
D,h,ā,m,n,o,d
D,h,ā,k,a
D,e,w,a,s
D,e,o,l,i
D,e,v,g,a,r,h
D,e,v,g,a,d,h, ,B,ā,r,i,y,a
D,e,v,a,r,k,o,n,d,a
D,e,v,a,n,h,a,l,l,i
D,e,v,a,k,o,t,t,a,i
D,e,ū,l,g,a,o,n, ,R,ā,j,a
D,e,s,h,n,o,k,e
D,e,p,ā,l,p,u,r
D,e,o,r,i, ,K,h,ā,s
D,e,o,r,i,a
D,e,o,r,a,n,i,ā,n
D,e,o,l,i
D,e,o,l,ā,l,i
D,e,o,g,h,a,r
D,e,o,g,a,r,h
D,e,o,b,a,n,d
D,e,n,k,a,n,i,k,o,t,a
D,e,l,h,i
D,e,h,r,i
D,e,h,r,a, ,D,ū,n
D,a,v,a,n,g,e,r,e
D,a,u,s,a
D,a,u,n,d
D,a,u,d,n,a,g,a,r
D,a,t,t,ā,p,u,r
D,a,t,i,a
D,ā,t,ā,g,a,n,j
D,a,s,ū,y,a
D,ā,s,n,a
D,a,r,y,ā,p,u,r
D,ā,r,w,h,a
D,a,r,s,i
D,ā,r,j,i,l,i,n,g
D,a,r,b,h,a,n,g,a
D,a,n,d,e,l,i
D,i,n,a,p,o,r,e
D,a,m,o,h
D,ā,m,n,a,g,a,r
D,a,m,ā,n
D,a,l,t,o,n,g,a,n,j
D,a,l,s,i,n,g,h, ,S,a,r,a,i
D,a,l,k,o,l,a
D,ā,k,o,r
D,o,h,a,d
D,a,h,e,g,ā,m
D,ā,h,ā,n,u
D,ā,d,r,i
D,a,b,w,ā,l,i
D,a,b,r,a
D,a,b,o,h
D,a,b,h,o,i
C,u,t,t,a,c,k
C,u,r,c,h,o,r,e,m
C,u,n,c,o,l,i,m
C,u,m,b,u,m
C,u,d,d,a,p,a,h
C,u,d,d,a,l,o,r,e
C,o,o,n,d,a,p,o,o,r
C,o,l,o,n,e,l,g,a,n,j
C,o,l,g,o,n,g
C,a,l,a,n,g,u,t,e
C,o,i,m,b,a,t,o,r,e
C,o,c,h,i,n
C,l,e,m,e,n,t, ,T,o,w,n
C,h,ū,r,u
C,h,u,r,ā,c,h,ā,n,d,p,u,r
C,h,u,n,ā,r
C,h,o,t,i,l,a
C,h,o,p,d,a
C,h,o,d,a,v,a,r,a,m
R,a,m,p,a,c,h,o,d,a,v,a,r,a,m
C,h,i,t,t,ū,r
C,h,i,t,t,a,u,r,g,a,r,h
C,h,i,t,t,a,r,a,n,j,a,n
C,h,i,t,r,a,d,u,r,g,a
C,h,ī,t,ā,p,u,r
C,h,i,d,a,w,a
C,h,ī,r,ā,l,a
C,h,ī,p,u,r,u,p,a,l,l,e
C,h,i,p,l,ū,n
C,h,i,n,t,ā,m,a,n,i
C,h,i,n,n,a, ,S,a,l,e,m
C,h,i,n,n,a,m,a,n,ū,r
C,h,i,n,c,h,o,l,i
C,h,i,l,l,u,p,ā,r
C,h,i,l,a,k,a,l,ū,r,u,p,e,t
C,h,i,k,o,d,i
C,h,i,k,n,ā,y,a,k,a,n,h,a,l,l,i
C,h,i,k,m,a,g,a,l,ū,r
C,h,i,k,h,l,i
C,h,i,k, ,B,a,l,l,ā,p,u,r
C,h,i,d,a,m,b,a,r,a,m
C,h,i,c,h,o,l,i
C,h,h,o,t,i, ,S,ā,d,r,i
C,h,h,o,t,a, ,U,d,e,p,u,r
C,h,h,i,n,d,w,ā,r,a
C,h,h,i,b,r,ā,m,a,u
C,h,h,a,t,a,r,p,u,r
C,h,h,ā,t,ā,p,u,r
C,h,h,ā,t,a
C,h,h,a,r,r,a
C,h,h,a,p,r,a,u,l,i
C,h,ā,p,r,a
C,h,h,ā,p,a,r
C,h,h,a,l,a
C,h,h,a,b,r,a
C,h,e,t,t,i,p,ā,l,a,i,y,a,m
C,h,e,t,p,u,t
C,h,e,n,n,i,m,a,l,a,i
C,h,e,n,g,a,n,n,ū,r
C,h,e,n,g,a,m
C,h,e,n,g,a,l,p,a,t,t,u
C,h,e,t,w,a,y,i
C,h,a,k,s,u
C,h,a,t,r,a,p,u,r
C,h,a,t,r,ā
C,h,ā,s
C,h,a,r,t,h,ā,w,a,l
C,h,a,r,k,h,i, ,D,ā,d,r,i
C,h,a,r,k,h,ā,r,i
C,h,ā,p,a,r
C,h,a,n,n,a,r,ā,y,a,p,a,t,n,a
C,h,a,n,n,a,p,a,t,n,a
C,h,a,n,n,a,g,i,r,i
C,h,a,n,g,a,n,ā,c,h,e,r,i
C,h,ā,n,d,o,r
C,h,ā,n,d,ū,r, ,B,ā,z,ā,r
C,h,ā,n,d,ū,r
C,h,ā,n,d,u,r
C,h,ā,n,d,a
C,h,a,n,d,r,a,k,o,n,a
C,h,ā,n,d,p,u,r
C,h,a,n,d,ī,g,a,r,h
C,h,a,n,d,e,r,i
C,h,a,n,d,u,a,s,i
C,h,a,n,d,a,u,l,i
C,h,a,n,d,a,n,n,a,g,a,r
C,h,ā,n,a,s,m,a
C,h,a,m,r,a,j,n,a,g,a,r
C,h,ā,m,p,a
C,h,a,m,b,a
C,h,a,l,l,a,p,a,l,l,e
C,h,a,l,l,a,k,e,r,e
C,h,ā,l,i,s,g,a,o,n
C,h,a,l,ā,l,a
C,h,a,k,r,a,d,h,a,r,p,u,r
C,h,a,k,l,ā,s,i
C,h,ā,k,i,a
C,h,ā,k,a,n
C,h,ā,ī,b,ā,s,a
C,a,n,n,i,n,g
K,a,n,n,u,r
K,o,l,k,a,t,a
B,y,ā,d,g,i
B,u,x,a,r
B,u,r,l,a
B,u,r,h,a,r
B,u,r,h,ā,n,p,u,r
B,ū,n,d,u
B,ū,n,d,i
B,u,l,d,ā,n,a
B,u,l,a,n,d,s,h,a,h,r
B,u,d,h,l,ā,d,a
B,u,d,h,ā,n,a
B,u,d,a,u,n
B,r,ā,j,a,r,ā,j,n,a,g,a,r
B,r,a,h,m,a,p,u,r
B,o,t,ā,d
B,o,r,s,a,d
B,o,r,i,v,l,i
B,o,n,g,a,i,g,a,o,n
M,u,m,b,a,i
B,o,l,p,u,r
B,o,k,ā,r,o
B,o,k,a,j,ā,n
B,o,i,s,a,r
B,o,d,i,n,ā,y,a,k,k,a,n,ū,r
B,u,d,d,h, ,G,a,y,a
B,o,d,h,a,n
B,o,b,b,i,l,i
B,i,s,w,ā,n
B,i,s,s,ā,u
B,i,s,h,n,u,p,u,r
B,i,s,a,u,l,i
B,ī,s,a,l,p,u,r
B,i,r,ū,r
B,ī,r,p,u,r
B,i,r,m,i,t,r,a,p,u,r
B,i,n,k,a
B,i,n,d,k,i
E,t,ā,w,a
B,i,l,t,h,r,a
B,i,l,s,i
B,i,l,s,a,n,d,a
B,i,l,i,m,o,r,a
B,i,l,h,a,u,r
B,i,l,g,r,ā,m
B,i,l,g,i
B,ī,l,ā,s,p,u,r
B,i,l,ā,s,p,u,r
B,i,l,ā,s,i,p,ā,r,a
B,i,l,ā,r,i
B,i,l,ā,r,a
B,i,k,r,a,m,g,a,n,j
B,ī,k,a,n,e,r
B,i,j,n,o,r
B,i,j,b,e,h,a,r,a
B,i,j,ā,w,a,r
B,i,j,a,p,u,r
B,i,h,ā,r, ,S,h,a,r,ī,f
B,i,h,ā,r,ī,g,a,n,j
B,i,d,h,ū,n,a
B,ī,d,a,r
B,i,a,o,r,a
K,ī,l, ,B,h,u,v,a,n,a,g,i,r,i
B,h,u,s,ā,v,a,l
B,h,ū,m
B,h,u,j
B,h,u,d,g,a,o,n
B,h,u,b,a,n,e,s,h,w,a,r
B,h,u,b,a,n
B,h,o,r
B,h,o,p,ā,l
B,h,o,n,g,ī,r
B,h,o,n,g,a,o,n
B,h,o,g,p,u,r
B,h,i,w,ā,n,i
B,h,i,w,a,n,d,i
B,h,i,t,a,r,w,ā,r
B,h,ī,n,m,ā,l
B,h,i,n,g,a
B,h,i,n,d,ā,r
B,h,i,n,d
B,h,ī,m,u,n,i,p,a,t,n,a,m
B,h,ī,m,a,v,a,r,a,m
B,h,ī,l,w,ā,r,a
B,h,i,l,a,i
B,h,ī,k,h,i
B,h,i,k,a,n,g,a,o,n
B,h,ā,y,ā,v,a,d,a,r
B,h,a,y,a,n,d,a,r
B,h,a,w,ā,n,i,p,a,t,n,a
B,h,a,w,ā,n,ī,g,a,r,h
B,h,a,w,ā,n,i,g,a,n,j
B,h,a,v,n,a,g,a,r
B,h,a,v,ā,n,i
B,h,a,t,t,i,p,r,o,l,u
B,h,ā,t,p,ā,r,a
B,h,a,t,k,a,l
B,a,t,h,i,n,d,a
B,h,ā,t,ā,p,ā,r,a
B,h,a,s,ā,w,a,r
B,h,a,r,w,ā,r,i
B,h,a,r,ū,c,h
B,h,a,r,t,h,a,n,a
B,h,a,r,a,t,p,u,r
B,h,ā,n,v,a,d
B,h,ā,n,p,u,r,ī
B,h,ā,n,p,u,r,a
B,h,a,n,j,a,n,a,g,a,r
B,h,ā,n,d,e,r
B,h,a,n,d,ā,r,a
B,h,ā,l,k,i
B,h,a,i,s,a
B,h,a,i,n,s,d,e,h,i
B,h,ā,g,a,l,p,u,r
B,h,a,d,r,e,s,w,a,r
B,h,a,d,r,ā,v,a,t,i
B,h,a,d,r,a,k,h
B,h,a,d,r,ā,c,h,a,l,a,m
B,h,ā,d,r,a
B,h,a,d,o,h,i
B,h,a,d,a,u,r
B,h,ā,d,ā,s,a,r
B,h,a,c,h,ā,u
B,h,a,b,h,u,a
B,e,y,p,o,r,e
B,e,w,a,r
B,e,t,ū,l
B,e,t,t,i,a,h
B,e,t,a,m,c,h,e,r,l,a
B,e,r,i, ,K,h,ā,s
B,e,r,a,s,i,a
B,e,o,h,ā,r,i
B,e,m,e,t,ā,r,a
B,e,l,ū,r
B,e,l,s,a,n,d
B,e,l,o,n,i,a
B,e,l,l,a,r,y
B,e,l,g,a,u,m
B,e,l,d,ā,n,g,a
B,e,l,a
B,e,h,r,o,r
B,e,h,a,t
B,e,g,u,s,a,r,a,i
B,e,g,ū,n
B,e,g,a,m,g,a,n,j
B,e,d,i
B,e,ā,w,a,r
B,ā,z,p,u,r
B,a,y,ā,n,a
B,a,w,ā,n,a
B,a,u,d
B,a,t,ā,l,a
B,a,s,w,a
B,ā,s,u,d,e,b,p,u,r
B,a,s,t,ī
B,ā,s,o,d,a
B,a,s,n,i
B,a,s,m,a,t
B,a,s,i
B,a,s,i
B,a,s,i
B,a,s,a,v,a,n,a, ,B,ā,g,e,v,ā,d,i
B,a,s,a,v,a,k,a,l,y,ā,n
B,a,r,w,ā,n,i
B,a,r,w,ā,l,a
B,ā,r,u,n,i
B,a,r,u,i,p,u,r
B,ā,r,s,i
B,a,r,p,e,t,a
B,a,r,p,ā,l,i
B,a,r,n,ā,l,a
B,ā,r,m,e,r
B,a,r,k,i, ,S,a,r,i,a
B,a,r,k,ā, ,K,ā,n,ā
B,a,r,j,a,l,a
B,a,r,i, ,S,ā,d,r,i
B,ā,r,i
B,a,r,h,i,y,a
B,ā,r,h
B,a,r,g,i
B,a,r,g,a,r,h
B,a,r,e,i,l,l,y
B,ā,r,d,o,l,i
B,a,r,d,d,h,a,m,ā,n
B,a,r, ,B,i,g,h,a
B,a,r,a,u,t
B,a,r,a,u,l,i
B,ā,r,ā,s,a,t
B,a,r,a,n,a,g,a,r
B,ā,r,ā,n
B,ā,r,a,m,ū,l,a
B,ā,r,ā,m,a,t,i
B,ā,r,ā,k,p,u,r
B,ā,p,a,t,l,a
B,a,n,ū,r
B,a,n,t,v,ā,l
B,ā,n,t,v,a
B,ā,n,s,w,ā,r,a
B,ā,n,s,w,ā,d,a
B,ā,n,s,i
B,ā,n,s,d,ī,h
B,ā,n,s,b,ā,r,i,a
B,a,n,n,ū,r
B,a,n,m,a,n,k,h,i
B,ā,n,k,u,r,a
B,ā,n,k,i
B,ā,n,k,a
B,ā,n,g,a,r,m,a,u
B,a,n,g,a,r,a,p,e,t
B,a,n,g,a,o,n
B,a,n,g,a,o,n
B,a,n,g,a,n,a,p,a,l,l,e
B,e,n,g,a,l,u,r,u
B,a,n,g,a
B,a,n,d,i,p,u,r,a
B,ā,n,d,ī,k,ū,i
B,ā,n,d,a
B,a,n,d,a
B,a,n,a,t
B,ā,n,a,p,u,r
B,ā,m,o,r, ,K,a,l,ā,n
B,ā,l,u,r,g,h,ā,t
B,ā,l,u,g,a,o,n
B,a,l,r,ā,m,p,u,r
B,ā,l,o,t,r,a
B,a,l,o,d,a, ,B,ā,z,ā,r
B,a,l,o,d
B,ā,l,i
B,a,l,l,ā,l,p,u,r
B,ā,l,i
B,a,l,a,s,o,r,e
B,a,l,a,r,ā,m,p,u,r
B,ā,l,ā,p,u,r
B,a,l,ā,n,g,ī,r
B,ā,l,ā,g,h,ā,t
B,ā,l,ā,c,h,o,r
B,a,k,h,t,i,y,ā,r,p,u,r
B,u,d,g,e, ,B,u,d,g,e
B,a,i,r,ā,g,n,i,a
B,y,n,d,o,o,r
B,a,i,l,-,H,o,n,g,a,l
B,a,i,h,a,r
B,a,i,d,y,a,b,ā,t,i
B,a,h,r,a,i,g,h
B,a,h,j,o,i
B,a,h,e,r,i
B,a,h,a,r,a,m,p,u,r
B,a,h,ā,d,u,r,g,a,r,h
B,a,h,ā,d,u,r,g,a,n,j
B,ā,h
B,a,g,u,l,ā
B,ā,g,h,p,a,t
B,a,g,d,o,g,r,a
B,ā,g,h,a, ,P,u,r,ā,n,a
B,ā,g,e,p,a,l,l,i
B,a,g,a,s,r,a
B,a,g,a,r
B,a,g,a,l,k,o,t
B,a,g,a,h,a
B,a,g,a,h,a
B,a,d,v,e,l
B,a,d,ū,r,i,a
B,a,d,n,ā,w,a,r
B,a,d,l,a,p,u,r
B,ā,d,ā,m,i
B,a,d,a,g,a,r,a
B,a,d,a, ,B,a,r,a,b,ī,l
B,a,c,h,h,r,a,o,n
B,a,b,r,ā,l,a
B,ā,b,r,a
B,a,b,ī,n,a
B,a,b,e,r,u
B,ā,b,a,i
A,z,a,m,g,a,r,h
A,j,o,d,h,y,a
A,y,a,k,u,d,i
A,v,a,n,i,g,a,d,d,a
A,v,i,n,a,s,h,i
Ā,v,a,d,i
A,u,s,a
A,u,r,a,n,g,ā,b,ā,d
A,u,r,a,n,g,a,b,a,d
A,u,r,a,i,y,a
A,u,r,ā,d
A,t,t,u,r
A,t,t,i,n,g,a,l
A,t,t,i,l,i
A,t,r,a,u,l,ī
A,t,m,a,k,ū,r
A,d,i,r,a,m,p,a,t,t,i,n,a,m
A,t,h,n,i
Ā,t,h,a,g,a,r,h
A,t,a,r,r,a
Ā,s,i,n,d
Ā,s,i,k,a
A,s,i,f,ā,b,ā,d
A,s,h,t,a
A,s,h,t,a
A,s,h,o,k,n,a,g,a,r
Ā,s,a,n,s,o,l
Ā,s,a,n,d,h
Ā,r,v,i
A,r,u,p,p,u,k,k,o,t,t,a,i
A,r,u,m,u,g,a,n,e,r,i
A,r,u,k,u,t,t,i
A,r,s,i,k,e,r,e
Ā,r,o,n
A,r,k,a,l,g,ū,d
A,r,i,y,a,l,ū,r
A,r,c,o,t
A,r,ā,r,i,a
A,r,a,n,t,ā,n,g,i
A,r,n,i
Ā,r,a,n,g,a,o,n
A,r,a,n,g
A,r,ā,m,b,ā,g,h
A,r,a,k,k,o,n,a,m
A,r,r,a,h
A,o,n,l,a
A,n,ū,p,s,h,a,h,r
A,n,ū,p,p,u,r
A,n,ū,p,g,a,r,h
A,n,t,a
A,n,s,h,i,n,g
A,n,n,u,r
A,n,n,i,g,e,r,i
A,n,k,l,e,s,h,w,a,r
A,n,j,ā,r
A,n,j,a,n,g,a,o,n
A,n,j,a,d
A,n,g,u,l
A,n,g,a,m,ā,l,i
A,n,e,k,a,l
A,n,d,o,l
A,n,t,h,i,y,u,r
Ā,n,d,i,p,p,a,t,t,i
A,n,a,n,t,n,a,g
A,n,a,n,t,a,p,u,r
A,n,a,n,d,p,u,r
A,n,a,n,d
A,n,a,k,ā,p,a,l,l,e
A,n,a,m,a,l,a,i,s
A,m,u,d,ā,l,a,v,a,l,a,s,a
Ā,m,t,a
A,m,r,o,l,i
A,m,r,o,h,a
A,m,r,i,t,s,a,r
A,m,r,e,l,i
A,m,r,ā,v,a,t,i
A,m,o,d
Ā,m,l,i
Ā,m,l,ā,g,o,r,a
A,m,l,a
A,m,e,t
A,m,b,u,r
A,m,b,i,k,ā,p,u,r
A,m,b,a,t,t,ū,r
A,m,b,a,s,a,m,u,d,r,a,m
A,m,b,ā,l,a
A,m,b,ā,j,o,g,ā,i
A,m,b,ā,h
A,m,b,a,d
A,m,a,r,p,u,r
A,m,a,r,p,ā,t,a,n
A,m,a,r,n,ā,t,h
A,m,a,l,n,e,r
A,m,a,l,ā,p,u,r,a,m
A,l,w,a,y,e
A,l,w,a,r
A,l,o,t
A,l,o,n,g
A,l,n,ā,v,a,r
A,l,m,o,r,a
A,l,a,p,p,u,z,h,a
A,l,l,a,h,ā,b,ā,d
A,l,ī,p,u,r, ,D,u,ā,r
A,l,ī,p,u,r
A,l,ī,g,a,r,h
A,l,ī,g,a,n,j
A,l,ī,b,ā,g
Ā,l,a,n,g,u,l,a,m
A,l,a,n,g,ā,y,a,m
A,l,a,n,d,u,r
A,l,a,n,d,i
A,l,a,n,d
A,k,o,t
A,k,o,l,a
A,k,l,e,r,a
A,k,i,v,ī,d,u
A,k,b,a,r,p,u,r
A,k,b,a,r,p,u,r
A,k,a,l,t,a,r,a
A,k,a,l,k,o,t
A,j,r,a
A,j,n,ā,l,a
A,j,m,e,r
A,i,z,a,w,l
A,h,r,a,u,r,a
A,h,m,a,d,p,u,r
A,h,m,a,d,n,a,g,a,r
A,h,m,e,d,a,b,a,d
A,g,r,a
A,g,a,r,t,a,l,a
A,g,a,r
A,f,z,a,l,p,u,r
A,f,z,a,l,g,a,r,h
A,d,ū,r
A,d,r,a
Ā,d,o,n,i
Ā,d,i,l,ā,b,ā,d
A,d,d,a,n,k,i
A,c,h,h,n,e,r,a
A,c,h,a,l,p,u,r
Ā,b,u, ,R,o,a,d
Ā,b,u
A,b,o,h,a,r
A,b,h,a,y,ā,p,u,r,i
C,o,n,t,a,i
H,a,l,d,i,a
S,r,i,r,ā,m,p,u,r
D,u,m,j,o,r
B,a,n,k,r,a
C,h,a,k,a,p,a,r,a
M,a,h,i,a,r,i
D,h,u,l,a,g,a,r,i
P,ā,n,c,h,l,a
P,u,j,a,l,i
M,a,h,e,s,h,t,a,l,a
M,o,n,o,h,a,r,p,u,r
S,o,y,ī,b,u,g
S,i,n,g,ā,p,u,r
G,h,a,t,k,e,s,a,r
V,a,d,i,g,e,n,h,a,l,l,i
A,d,a,m,p,u,r
P,o,r,u,r
M,a,d,i,p,a,k,k,a,m
P,e,r,u,n,g,u,d,i
M,a,d,a,m,b,a,k,k,a,m
P,o,w,a,i
N,a,v,i, ,M,u,m,b,a,i
P,a,n,c,h,k,u,l,a
M,u,r,u,d,e,s,h,w,a,r,a
S,h,i,v,a,j,i, ,N,a,g,a,r
G,r,e,a,t,e,r, ,N,o,i,d,a
M,o,h,a,l,i
P,i,t,h,a,m,p,u,r
B,a,r,b,i,l
A,i,r,o,l,i
A,l,u,v,a
K,o,t,k,a,p,u,r,a
M,u,v,a,t,t,u,p,u,z,h,a
P,e,r,u,m,b,a,v,o,o,r
V,a,p,i
B,a,d,d,i
N,o,i,d,a
B,h,i,w,a,d,i
M,a,n,d,i,d,e,e,p
S,i,n,g,r,a,u,l,i
B,i,r,p,a,r,a
J,a,i,g,a,o,n
A,k,k,a,r,a,m,p,a,l,l,e
B,e,l,l,a,m,p,a,l,l,i
C,h,e,m,m,u,m,i,a,h,p,e,t
G,a,d,d,i, ,A,n,n,a,r,a,m
D,a,s,n,a,p,u,r
K,a,n,u,r,u
L,a,l, ,B,a,h,a,d,u,r, ,N,a,g,a,r
M,a,l,k,a,j,g,i,r,i
M,a,n,d,a,m,a,r,r,i
C,h,i,n,n,a,c,h,o,w,k
K,y,a,t,h,a,m,p,a,l,l,e
G,a,j,u,w,a,k,a
M,a,n,u,g,u,r,u
K,a,l,y,a,n,d,u,r,g
P,o,n,n,u,r
Q,u,t,h,b,u,l,l,a,p,u,r
R,a,m,a,n,a,y,y,a,p,e,t,a
P,a,l,w,a,n,c,h,a
B,a,r,p,e,t,a, ,R,o,a,d
S,a,t,h,u,p,a,l,l,i
Y,a,n,a,m,a,l,a,k,u,d,u,r,u
M,o,r,i,g,a,o,n
N,a,h,a,r,l,a,g,u,n
S,e,r,i,l,i,n,g,a,m,p,a,l,l,e
S,i,l,a,p,a,t,h,a,r
L,u,m,d,i,n,g, ,R,a,i,l,w,a,y, ,C,o,l,o,n,y
A,i,s,t,a,l,a
A,s,h,o,k,n,a,g,a,r, ,K,a,l,y,a,n,g,a,r,h
B,a,h,u,l,a
B,h,a,w,a,n,i,p,u,r
Z,i,r,a
K,u,m,a,r,a,p,a,l,a,y,a,m
R,a,m,a,g,u,n,d,a,m
C,h,e,r,p,u,l,a,s,s,e,r,y
K,i,r,a,n,d,u,l
T,h,o,o,t,h,u,k,u,d,i
S,h,i,r,a,g,u,p,p,i
G,a,d,a,g,-,B,e,t,a,g,e,r,i
V,.,S,.,K,.,V,a,l,a,s,a,i, ,(,D,i,n,d,i,g,u,l,-,D,i,s,t,.,)
N,e,e,l,a,n,k,a,r,a,i
I,n,j,a,m,b,a,k,k,a,m
S,h,a,h,b,a,z,p,u,r
D,e,o,l,i
K,u,m,b,a,l,a,m
A,r,o,o,r
K,a,d,a,k,k,a,v,o,o,r
K,a,l,a,v,o,o,r
K,a,l,a,m,a,s,s,e,r,y
C,h,e,r,t,h,a,l,a
A,z,h,i,y,ū,r
A,b,r,a,m,a
P,h,u,s,r,o
A,l,a,n,g,a,d
S,a,v,a,r,k,u,n,d,l,a
M,a,l,k,a,p,u,r
R,o,h,i,n,i
M,u,l,u,g,u
K,a,l,l,a,k,u,r,i,c,h,i
A,m,a,r,a,v,a,t,i
